{
    "entryPoints" : [
        {
            "name" : "main",
            "mode" : "comp",
            "workgroup_size" : [
                16,
                16,
                1
            ],
            "workgroup_size_is_spec_constant_id" : [
                false,
                false,
                false
            ]
        }
    ],
    "types" : {
        "_64" : {
            "name" : "b_uniform",
            "members" : [
                {
                    "name" : "size",
                    "type" : "uvec2",
                    "offset" : 0
                },
                {
                    "name" : "lrgb_to_srgb",
                    "type" : "uint",
                    "offset" : 8
                }
            ]
        },
        "_98" : {
            "name" : "b_buffer",
            "members" : [
                {
                    "name" : "data",
                    "type" : "vec3",
                    "array" : [
                        0
                    ],
                    "array_size_is_literal" : [
                        true
                    ],
                    "offset" : 0,
                    "array_stride" : 16
                }
            ]
        }
    },
    "images" : [
        {
            "type" : "image2D",
            "name" : "i_image",
            "set" : 0,
            "binding" : 0,
            "format" : "rgba32f"
        }
    ],
    "ssbos" : [
        {
            "type" : "_98",
            "name" : "b_buffer",
            "readonly" : true,
            "restrict" : true,
            "block_size" : 0,
            "set" : 0,
            "binding" : 0
        }
    ],
    "ubos" : [
        {
            "type" : "_64",
            "name" : "b_uniform",
            "block_size" : 12,
            "set" : 0,
            "binding" : 0
        }
    ]
}