{
    "entryPoints" : [
        {
            "name" : "main",
            "mode" : "comp",
            "workgroup_size" : [
                1,
                1,
                1
            ],
            "workgroup_size_is_spec_constant_id" : [
                false,
                false,
                false
            ]
        }
    ],
    "types" : {
        "_35" : {
            "name" : "b_disp",
            "members" : [
                {
                    "name" : "value",
                    "type" : "uvec3",
                    "offset" : 0
                }
            ]
        },
        "_40" : {
            "name" : "b_data",
            "members" : [
                {
                    "name" : "value",
                    "type" : "uint",
                    "offset" : 0
                }
            ]
        }
    },
    "ssbos" : [
        {
            "type" : "_35",
            "name" : "b_disp",
            "writeonly" : true,
            "restrict" : true,
            "block_size" : 12,
            "set" : 0,
            "binding" : 1
        },
        {
            "type" : "_40",
            "name" : "b_data",
            "readonly" : true,
            "restrict" : true,
            "block_size" : 4,
            "set" : 0,
            "binding" : 0
        }
    ]
}