{
    "entryPoints" : [
        {
            "name" : "main",
            "mode" : "comp",
            "workgroup_size" : [
                16,
                16,
                1
            ],
            "workgroup_size_is_spec_constant_id" : [
                false,
                false,
                false
            ]
        }
    ],
    "types" : {
        "_64" : {
            "name" : "b_uniform",
            "members" : [
                {
                    "name" : "size",
                    "type" : "uvec2",
                    "offset" : 0
                }
            ]
        }
    },
    "images" : [
        {
            "type" : "image2D",
            "name" : "i_image_w",
            "set" : 0,
            "binding" : 1,
            "format" : "rgba32f"
        },
        {
            "type" : "image2D",
            "name" : "i_image_r",
            "set" : 0,
            "binding" : 0,
            "format" : "rgba32f"
        }
    ],
    "ubos" : [
        {
            "type" : "_64",
            "name" : "b_uniform",
            "block_size" : 8,
            "set" : 0,
            "binding" : 0
        }
    ]
}