{
    "entryPoints" : [
        {
            "name" : "main",
            "mode" : "comp",
            "workgroup_size" : [
                256,
                1,
                1
            ],
            "workgroup_size_is_spec_constant_id" : [
                false,
                false,
                false
            ]
        }
    ],
    "types" : {
        "_39" : {
            "name" : "MVCObject",
            "members" : [
                {
                    "name" : "weight",
                    "type" : "vec3"
                },
                {
                    "name" : "type",
                    "type" : "uint"
                }
            ]
        },
        "_98" : {
            "name" : "b_unif",
            "members" : [
                {
                    "name" : "n",
                    "type" : "uint",
                    "offset" : 0
                },
                {
                    "name" : "n_verts",
                    "type" : "uint",
                    "offset" : 4
                },
                {
                    "name" : "n_elems",
                    "type" : "uint",
                    "offset" : 8
                }
            ]
        },
        "_114" : {
            "name" : "b_vert",
            "members" : [
                {
                    "name" : "data",
                    "type" : "vec3",
                    "array" : [
                        0
                    ],
                    "array_size_is_literal" : [
                        true
                    ],
                    "offset" : 0,
                    "array_stride" : 16
                }
            ]
        },
        "_146" : {
            "name" : "b_elem",
            "members" : [
                {
                    "name" : "data",
                    "type" : "uvec3",
                    "array" : [
                        0
                    ],
                    "array_size_is_literal" : [
                        true
                    ],
                    "offset" : 0,
                    "array_stride" : 16
                }
            ]
        },
        "_592" : {
            "name" : "b_colr",
            "members" : [
                {
                    "name" : "data",
                    "type" : "vec3",
                    "array" : [
                        0
                    ],
                    "array_size_is_literal" : [
                        true
                    ],
                    "offset" : 0,
                    "array_stride" : 16
                }
            ]
        },
        "_615" : {
            "name" : "b_bary",
            "members" : [
                {
                    "name" : "data",
                    "type" : "vec4",
                    "array" : [
                        4,
                        0
                    ],
                    "array_size_is_literal" : [
                        true,
                        true
                    ],
                    "offset" : 0,
                    "array_stride" : 64
                }
            ]
        }
    },
    "ssbos" : [
        {
            "type" : "_114",
            "name" : "b_vert",
            "readonly" : true,
            "restrict" : true,
            "block_size" : 0,
            "set" : 0,
            "binding" : 0
        },
        {
            "type" : "_146",
            "name" : "b_elem",
            "readonly" : true,
            "restrict" : true,
            "block_size" : 0,
            "set" : 0,
            "binding" : 1
        },
        {
            "type" : "_592",
            "name" : "b_colr",
            "readonly" : true,
            "restrict" : true,
            "block_size" : 0,
            "set" : 0,
            "binding" : 2
        },
        {
            "type" : "_615",
            "name" : "b_bary",
            "writeonly" : true,
            "restrict" : true,
            "block_size" : 0,
            "set" : 0,
            "binding" : 3
        }
    ],
    "ubos" : [
        {
            "type" : "_98",
            "name" : "b_unif",
            "block_size" : 12,
            "set" : 0,
            "binding" : 0
        }
    ]
}