{
    "entryPoints" : [
        {
            "name" : "main",
            "mode" : "comp",
            "workgroup_size" : [
                256,
                1,
                1
            ],
            "workgroup_size_is_spec_constant_id" : [
                false,
                false,
                false
            ]
        }
    ],
    "types" : {
        "_46" : {
            "name" : "b_unif",
            "members" : [
                {
                    "name" : "n",
                    "type" : "uint",
                    "offset" : 0
                },
                {
                    "name" : "n_verts",
                    "type" : "uint",
                    "offset" : 4
                },
                {
                    "name" : "n_elems",
                    "type" : "uint",
                    "offset" : 8
                }
            ]
        },
        "_67" : {
            "name" : "b_bary",
            "members" : [
                {
                    "name" : "data",
                    "type" : "vec4",
                    "array" : [
                        4,
                        0
                    ],
                    "array_size_is_literal" : [
                        true,
                        true
                    ],
                    "offset" : 0,
                    "array_stride" : 64
                }
            ]
        }
    },
    "ssbos" : [
        {
            "type" : "_67",
            "name" : "b_bary",
            "restrict" : true,
            "block_size" : 0,
            "set" : 0,
            "binding" : 0
        }
    ],
    "ubos" : [
        {
            "type" : "_46",
            "name" : "b_unif",
            "block_size" : 12,
            "set" : 0,
            "binding" : 0
        }
    ]
}