{
    "entryPoints" : [
        {
            "name" : "main",
            "mode" : "comp",
            "workgroup_size" : [
                256,
                1,
                1
            ],
            "workgroup_size_is_spec_constant_id" : [
                false,
                false,
                false
            ]
        }
    ],
    "types" : {
        "_55" : {
            "name" : "b_unif",
            "members" : [
                {
                    "name" : "n",
                    "type" : "uint",
                    "offset" : 0
                },
                {
                    "name" : "n_verts",
                    "type" : "uint",
                    "offset" : 4
                },
                {
                    "name" : "n_elems",
                    "type" : "uint",
                    "offset" : 8
                },
                {
                    "name" : "n_nodes",
                    "type" : "uint",
                    "offset" : 12
                }
            ]
        },
        "_66" : {
            "name" : "Elem",
            "members" : [
                {
                    "name" : "inv",
                    "type" : "mat3"
                },
                {
                    "name" : "sub",
                    "type" : "vec3"
                }
            ]
        },
        "_72" : {
            "name" : "Elem",
            "members" : [
                {
                    "name" : "inv",
                    "type" : "mat3",
                    "offset" : 0,
                    "matrix_stride" : 16
                },
                {
                    "name" : "sub",
                    "type" : "vec3",
                    "offset" : 48
                }
            ]
        },
        "_74" : {
            "name" : "b_pack",
            "members" : [
                {
                    "name" : "data",
                    "type" : "_72",
                    "array" : [
                        0
                    ],
                    "array_size_is_literal" : [
                        true
                    ],
                    "offset" : 0,
                    "array_stride" : 64
                }
            ]
        },
        "_104" : {
            "name" : "b_posi",
            "members" : [
                {
                    "name" : "data",
                    "type" : "vec3",
                    "array" : [
                        0
                    ],
                    "array_size_is_literal" : [
                        true
                    ],
                    "offset" : 0,
                    "array_stride" : 16
                }
            ]
        },
        "_172" : {
            "name" : "b_bary",
            "members" : [
                {
                    "name" : "data",
                    "type" : "vec4",
                    "array" : [
                        0
                    ],
                    "array_size_is_literal" : [
                        true
                    ],
                    "offset" : 0,
                    "array_stride" : 16
                }
            ]
        }
    },
    "ssbos" : [
        {
            "type" : "_74",
            "name" : "b_pack",
            "readonly" : true,
            "restrict" : true,
            "block_size" : 0,
            "set" : 0,
            "binding" : 1
        },
        {
            "type" : "_104",
            "name" : "b_posi",
            "readonly" : true,
            "restrict" : true,
            "block_size" : 0,
            "set" : 0,
            "binding" : 0
        },
        {
            "type" : "_172",
            "name" : "b_bary",
            "writeonly" : true,
            "restrict" : true,
            "block_size" : 0,
            "set" : 0,
            "binding" : 2
        }
    ],
    "ubos" : [
        {
            "type" : "_55",
            "name" : "b_unif",
            "block_size" : 16,
            "set" : 0,
            "binding" : 0
        }
    ]
}