{
    "entryPoints" : [
        {
            "name" : "main",
            "mode" : "comp",
            "workgroup_size" : [
                256,
                1,
                1
            ],
            "workgroup_size_is_spec_constant_id" : [
                false,
                false,
                false
            ]
        }
    ],
    "types" : {
        "_64" : {
            "name" : "b_unif",
            "members" : [
                {
                    "name" : "n",
                    "type" : "uint",
                    "offset" : 0
                },
                {
                    "name" : "n_verts",
                    "type" : "uint",
                    "offset" : 4
                },
                {
                    "name" : "n_elems",
                    "type" : "uint",
                    "offset" : 8
                }
            ]
        },
        "_75" : {
            "name" : "Elem",
            "members" : [
                {
                    "name" : "inv",
                    "type" : "mat3"
                },
                {
                    "name" : "sub",
                    "type" : "vec3"
                }
            ]
        },
        "_81" : {
            "name" : "Elem",
            "members" : [
                {
                    "name" : "inv",
                    "type" : "mat3",
                    "offset" : 0,
                    "matrix_stride" : 16
                },
                {
                    "name" : "sub",
                    "type" : "vec3",
                    "offset" : 48
                }
            ]
        },
        "_83" : {
            "name" : "b_pack",
            "members" : [
                {
                    "name" : "data",
                    "type" : "_81",
                    "array" : [
                        0
                    ],
                    "array_size_is_literal" : [
                        true
                    ],
                    "offset" : 0,
                    "array_stride" : 64
                }
            ]
        },
        "_115" : {
            "name" : "b_flag",
            "members" : [
                {
                    "name" : "data",
                    "type" : "uvec2",
                    "array" : [
                        0
                    ],
                    "array_size_is_literal" : [
                        true
                    ],
                    "offset" : 0,
                    "array_stride" : 8
                }
            ]
        },
        "_119" : {
            "name" : "b_refr",
            "members" : [
                {
                    "name" : "data",
                    "type" : "uint",
                    "array" : [
                        0
                    ],
                    "array_size_is_literal" : [
                        true
                    ],
                    "offset" : 0,
                    "array_stride" : 4
                }
            ]
        },
        "_131" : {
            "name" : "b_posi",
            "members" : [
                {
                    "name" : "data",
                    "type" : "vec3",
                    "array" : [
                        0
                    ],
                    "array_size_is_literal" : [
                        true
                    ],
                    "offset" : 0,
                    "array_stride" : 16
                }
            ]
        },
        "_166" : {
            "name" : "Node",
            "members" : [
                {
                    "name" : "minb",
                    "type" : "vec3"
                },
                {
                    "name" : "i",
                    "type" : "uint"
                },
                {
                    "name" : "maxb",
                    "type" : "vec3"
                },
                {
                    "name" : "n",
                    "type" : "uint"
                }
            ]
        },
        "_169" : {
            "name" : "Node",
            "members" : [
                {
                    "name" : "minb",
                    "type" : "vec3",
                    "offset" : 0
                },
                {
                    "name" : "i",
                    "type" : "uint",
                    "offset" : 12
                },
                {
                    "name" : "maxb",
                    "type" : "vec3",
                    "offset" : 16
                },
                {
                    "name" : "n",
                    "type" : "uint",
                    "offset" : 28
                }
            ]
        },
        "_171" : {
            "name" : "b_elem",
            "members" : [
                {
                    "name" : "data",
                    "type" : "_169",
                    "array" : [
                        0
                    ],
                    "array_size_is_literal" : [
                        true
                    ],
                    "offset" : 0,
                    "array_stride" : 32
                }
            ]
        },
        "_205" : {
            "name" : "b_ordr",
            "members" : [
                {
                    "name" : "data",
                    "type" : "uint",
                    "array" : [
                        0
                    ],
                    "array_size_is_literal" : [
                        true
                    ],
                    "offset" : 0,
                    "array_stride" : 4
                }
            ]
        },
        "_268" : {
            "name" : "b_bary",
            "members" : [
                {
                    "name" : "data",
                    "type" : "vec4",
                    "array" : [
                        0
                    ],
                    "array_size_is_literal" : [
                        true
                    ],
                    "offset" : 0,
                    "array_stride" : 16
                }
            ]
        }
    },
    "ssbos" : [
        {
            "type" : "_83",
            "name" : "b_pack",
            "readonly" : true,
            "restrict" : true,
            "block_size" : 0,
            "set" : 0,
            "binding" : 1
        },
        {
            "type" : "_115",
            "name" : "b_flag",
            "readonly" : true,
            "restrict" : true,
            "block_size" : 0,
            "set" : 0,
            "binding" : 5
        },
        {
            "type" : "_119",
            "name" : "b_refr",
            "readonly" : true,
            "restrict" : true,
            "block_size" : 0,
            "set" : 0,
            "binding" : 3
        },
        {
            "type" : "_131",
            "name" : "b_posi",
            "readonly" : true,
            "restrict" : true,
            "block_size" : 0,
            "set" : 0,
            "binding" : 0
        },
        {
            "type" : "_171",
            "name" : "b_elem",
            "readonly" : true,
            "restrict" : true,
            "block_size" : 0,
            "set" : 0,
            "binding" : 2
        },
        {
            "type" : "_205",
            "name" : "b_ordr",
            "readonly" : true,
            "restrict" : true,
            "block_size" : 0,
            "set" : 0,
            "binding" : 4
        },
        {
            "type" : "_268",
            "name" : "b_bary",
            "writeonly" : true,
            "restrict" : true,
            "block_size" : 0,
            "set" : 0,
            "binding" : 6
        }
    ],
    "ubos" : [
        {
            "type" : "_64",
            "name" : "b_unif",
            "block_size" : 12,
            "set" : 0,
            "binding" : 0
        }
    ]
}