{
    "entryPoints" : [
        {
            "name" : "main",
            "mode" : "comp",
            "workgroup_size" : [
                256,
                1,
                1
            ],
            "workgroup_size_is_spec_constant_id" : [
                false,
                false,
                false
            ]
        }
    ],
    "types" : {
        "_24" : {
            "name" : "WorkUnit",
            "members" : [
                {
                    "name" : "elem_i",
                    "type" : "uint",
                    "offset" : 0
                },
                {
                    "name" : "colr_i",
                    "type" : "uint",
                    "offset" : 4
                }
            ]
        },
        "_26" : {
            "name" : "b_work",
            "members" : [
                {
                    "name" : "head",
                    "type" : "uint",
                    "offset" : 0
                },
                {
                    "name" : "_pad",
                    "type" : "uint",
                    "array" : [
                        3
                    ],
                    "array_size_is_literal" : [
                        true
                    ],
                    "offset" : 4,
                    "array_stride" : 4
                },
                {
                    "name" : "data",
                    "type" : "_24",
                    "array" : [
                        0
                    ],
                    "array_size_is_literal" : [
                        true
                    ],
                    "offset" : 16,
                    "array_stride" : 8
                }
            ]
        },
        "_53" : {
            "name" : "WorkUnit",
            "members" : [
                {
                    "name" : "elem_i",
                    "type" : "uint"
                },
                {
                    "name" : "colr_i",
                    "type" : "uint"
                }
            ]
        },
        "_83" : {
            "name" : "Node",
            "members" : [
                {
                    "name" : "minb",
                    "type" : "vec3"
                },
                {
                    "name" : "i",
                    "type" : "uint"
                },
                {
                    "name" : "maxb",
                    "type" : "vec3"
                },
                {
                    "name" : "n",
                    "type" : "uint"
                }
            ]
        },
        "_86" : {
            "name" : "Node",
            "members" : [
                {
                    "name" : "minb",
                    "type" : "vec3",
                    "offset" : 0
                },
                {
                    "name" : "i",
                    "type" : "uint",
                    "offset" : 12
                },
                {
                    "name" : "maxb",
                    "type" : "vec3",
                    "offset" : 16
                },
                {
                    "name" : "n",
                    "type" : "uint",
                    "offset" : 28
                }
            ]
        },
        "_88" : {
            "name" : "b_colr",
            "members" : [
                {
                    "name" : "data",
                    "type" : "_86",
                    "array" : [
                        0
                    ],
                    "array_size_is_literal" : [
                        true
                    ],
                    "offset" : 0,
                    "array_stride" : 32
                }
            ]
        },
        "_140" : {
            "name" : "b_ordr",
            "members" : [
                {
                    "name" : "data",
                    "type" : "uint",
                    "array" : [
                        0
                    ],
                    "array_size_is_literal" : [
                        true
                    ],
                    "offset" : 0,
                    "array_stride" : 4
                }
            ]
        },
        "_147" : {
            "name" : "b_flag",
            "members" : [
                {
                    "name" : "data",
                    "type" : "uint",
                    "array" : [
                        0
                    ],
                    "array_size_is_literal" : [
                        true
                    ],
                    "offset" : 0,
                    "array_stride" : 4
                }
            ]
        },
        "_163" : {
            "name" : "b_elem",
            "members" : [
                {
                    "name" : "data",
                    "type" : "_86",
                    "array" : [
                        0
                    ],
                    "array_size_is_literal" : [
                        true
                    ],
                    "offset" : 0,
                    "array_stride" : 32
                }
            ]
        },
        "_166" : {
            "name" : "b_unif",
            "members" : [
                {
                    "name" : "elem_begin_lvl",
                    "type" : "uint",
                    "offset" : 0
                },
                {
                    "name" : "colr_begin_lvl",
                    "type" : "uint",
                    "offset" : 4
                },
                {
                    "name" : "n_elems",
                    "type" : "uint",
                    "offset" : 8
                }
            ]
        }
    },
    "ssbos" : [
        {
            "type" : "_26",
            "name" : "b_work",
            "readonly" : true,
            "restrict" : true,
            "block_size" : 16,
            "set" : 0,
            "binding" : 3
        },
        {
            "type" : "_88",
            "name" : "b_colr",
            "readonly" : true,
            "restrict" : true,
            "block_size" : 0,
            "set" : 0,
            "binding" : 1
        },
        {
            "type" : "_140",
            "name" : "b_ordr",
            "readonly" : true,
            "restrict" : true,
            "block_size" : 0,
            "set" : 0,
            "binding" : 2
        },
        {
            "type" : "_147",
            "name" : "b_flag",
            "restrict" : true,
            "coherent" : true,
            "block_size" : 0,
            "set" : 0,
            "binding" : 4
        },
        {
            "type" : "_163",
            "name" : "b_elem",
            "readonly" : true,
            "restrict" : true,
            "block_size" : 0,
            "set" : 0,
            "binding" : 0
        }
    ],
    "ubos" : [
        {
            "type" : "_166",
            "name" : "b_unif",
            "block_size" : 12,
            "set" : 0,
            "binding" : 0
        }
    ]
}