{
    "entryPoints" : [
        {
            "name" : "main",
            "mode" : "comp",
            "workgroup_size" : [
                256,
                1,
                1
            ],
            "workgroup_size_is_spec_constant_id" : [
                false,
                false,
                false
            ]
        }
    ],
    "types" : {
        "_53" : {
            "name" : "b_unif",
            "members" : [
                {
                    "name" : "size_in",
                    "type" : "uvec2",
                    "offset" : 0
                },
                {
                    "name" : "size_out",
                    "type" : "uvec2",
                    "offset" : 8
                },
                {
                    "name" : "n_verts",
                    "type" : "uint",
                    "offset" : 16
                },
                {
                    "name" : "n_elems",
                    "type" : "uint",
                    "offset" : 20
                }
            ]
        },
        "_68" : {
            "name" : "b_vert",
            "members" : [
                {
                    "name" : "data",
                    "type" : "vec3",
                    "array" : [
                        0
                    ],
                    "array_size_is_literal" : [
                        true
                    ],
                    "offset" : 0,
                    "array_stride" : 16
                }
            ]
        },
        "_148" : {
            "name" : "b_bary",
            "members" : [
                {
                    "name" : "data",
                    "type" : "vec4",
                    "array" : [
                        4,
                        0
                    ],
                    "array_size_is_literal" : [
                        true,
                        true
                    ],
                    "offset" : 0,
                    "array_stride" : 64
                }
            ]
        },
        "_188" : {
            "name" : "b_colr",
            "members" : [
                {
                    "name" : "data",
                    "type" : "vec3",
                    "array" : [
                        0
                    ],
                    "array_size_is_literal" : [
                        true
                    ],
                    "offset" : 0,
                    "array_stride" : 16
                }
            ]
        },
        "_220" : {
            "name" : "b_elem",
            "members" : [
                {
                    "name" : "data",
                    "type" : "uvec4",
                    "array" : [
                        0
                    ],
                    "array_size_is_literal" : [
                        true
                    ],
                    "offset" : 0,
                    "array_stride" : 16
                }
            ]
        }
    },
    "images" : [
        {
            "type" : "image2D",
            "name" : "i_colr",
            "set" : 0,
            "binding" : 0,
            "format" : "rgba32f"
        }
    ],
    "ssbos" : [
        {
            "type" : "_68",
            "name" : "b_vert",
            "readonly" : true,
            "restrict" : true,
            "block_size" : 0,
            "set" : 0,
            "binding" : 1
        },
        {
            "type" : "_148",
            "name" : "b_bary",
            "readonly" : true,
            "restrict" : true,
            "block_size" : 0,
            "set" : 0,
            "binding" : 0
        },
        {
            "type" : "_188",
            "name" : "b_colr",
            "readonly" : true,
            "restrict" : true,
            "block_size" : 0,
            "set" : 0,
            "binding" : 3
        },
        {
            "type" : "_220",
            "name" : "b_elem",
            "readonly" : true,
            "restrict" : true,
            "block_size" : 0,
            "set" : 0,
            "binding" : 2
        }
    ],
    "ubos" : [
        {
            "type" : "_53",
            "name" : "b_unif",
            "block_size" : 24,
            "set" : 0,
            "binding" : 0
        }
    ]
}