{
    "entryPoints" : [
        {
            "name" : "main",
            "mode" : "comp",
            "workgroup_size" : [
                256,
                1,
                1
            ],
            "workgroup_size_is_spec_constant_id" : [
                false,
                false,
                false
            ]
        }
    ],
    "types" : {
        "_17" : {
            "name" : "Node",
            "members" : [
                {
                    "name" : "minb",
                    "type" : "vec3"
                },
                {
                    "name" : "i",
                    "type" : "uint"
                },
                {
                    "name" : "maxb",
                    "type" : "vec3"
                },
                {
                    "name" : "n",
                    "type" : "uint"
                }
            ]
        },
        "_92" : {
            "name" : "WorkUnit",
            "members" : [
                {
                    "name" : "elem_i",
                    "type" : "uint",
                    "offset" : 0
                },
                {
                    "name" : "colr_i",
                    "type" : "uint",
                    "offset" : 4
                }
            ]
        },
        "_94" : {
            "name" : "b_curr",
            "members" : [
                {
                    "name" : "head",
                    "type" : "uint",
                    "offset" : 0
                },
                {
                    "name" : "_pad",
                    "type" : "uint",
                    "array" : [
                        3
                    ],
                    "array_size_is_literal" : [
                        true
                    ],
                    "offset" : 4,
                    "array_stride" : 4
                },
                {
                    "name" : "data",
                    "type" : "_92",
                    "array" : [
                        0
                    ],
                    "array_size_is_literal" : [
                        true
                    ],
                    "offset" : 16,
                    "array_stride" : 8
                }
            ]
        },
        "_109" : {
            "name" : "WorkUnit",
            "members" : [
                {
                    "name" : "elem_i",
                    "type" : "uint"
                },
                {
                    "name" : "colr_i",
                    "type" : "uint"
                }
            ]
        },
        "_133" : {
            "name" : "Node",
            "members" : [
                {
                    "name" : "minb",
                    "type" : "vec3",
                    "offset" : 0
                },
                {
                    "name" : "i",
                    "type" : "uint",
                    "offset" : 12
                },
                {
                    "name" : "maxb",
                    "type" : "vec3",
                    "offset" : 16
                },
                {
                    "name" : "n",
                    "type" : "uint",
                    "offset" : 28
                }
            ]
        },
        "_135" : {
            "name" : "b_elem",
            "members" : [
                {
                    "name" : "data",
                    "type" : "_133",
                    "array" : [
                        0
                    ],
                    "array_size_is_literal" : [
                        true
                    ],
                    "offset" : 0,
                    "array_stride" : 32
                }
            ]
        },
        "_184" : {
            "name" : "b_colr",
            "members" : [
                {
                    "name" : "data",
                    "type" : "_133",
                    "array" : [
                        0
                    ],
                    "array_size_is_literal" : [
                        true
                    ],
                    "offset" : 0,
                    "array_stride" : 32
                }
            ]
        },
        "_212" : {
            "name" : "b_unif",
            "members" : [
                {
                    "name" : "n_elem_lvls",
                    "type" : "uint",
                    "offset" : 0
                },
                {
                    "name" : "n_colr_lvls",
                    "type" : "uint",
                    "offset" : 4
                },
                {
                    "name" : "n_elems",
                    "type" : "uint",
                    "offset" : 8
                }
            ]
        },
        "_241" : {
            "name" : "b_flag",
            "members" : [
                {
                    "name" : "data",
                    "type" : "uint",
                    "array" : [
                        0
                    ],
                    "array_size_is_literal" : [
                        true
                    ],
                    "offset" : 0,
                    "array_stride" : 4
                }
            ]
        },
        "_254" : {
            "name" : "b_next",
            "members" : [
                {
                    "name" : "head",
                    "type" : "uint",
                    "offset" : 0
                },
                {
                    "name" : "_pad",
                    "type" : "uint",
                    "array" : [
                        3
                    ],
                    "array_size_is_literal" : [
                        true
                    ],
                    "offset" : 4,
                    "array_stride" : 4
                },
                {
                    "name" : "data",
                    "type" : "_92",
                    "array" : [
                        0
                    ],
                    "array_size_is_literal" : [
                        true
                    ],
                    "offset" : 16,
                    "array_stride" : 8
                }
            ]
        }
    },
    "ssbos" : [
        {
            "type" : "_94",
            "name" : "b_curr",
            "readonly" : true,
            "restrict" : true,
            "block_size" : 16,
            "set" : 0,
            "binding" : 3
        },
        {
            "type" : "_135",
            "name" : "b_elem",
            "readonly" : true,
            "restrict" : true,
            "block_size" : 0,
            "set" : 0,
            "binding" : 0
        },
        {
            "type" : "_184",
            "name" : "b_colr",
            "readonly" : true,
            "restrict" : true,
            "block_size" : 0,
            "set" : 0,
            "binding" : 1
        },
        {
            "type" : "_241",
            "name" : "b_flag",
            "restrict" : true,
            "coherent" : true,
            "block_size" : 0,
            "set" : 0,
            "binding" : 2
        },
        {
            "type" : "_254",
            "name" : "b_next",
            "restrict" : true,
            "coherent" : true,
            "block_size" : 16,
            "set" : 0,
            "binding" : 4
        }
    ],
    "ubos" : [
        {
            "type" : "_212",
            "name" : "b_unif",
            "block_size" : 12,
            "set" : 0,
            "binding" : 0
        }
    ]
}