{
    "entryPoints" : [
        {
            "name" : "main",
            "mode" : "frag"
        }
    ],
    "types" : {
        "_15" : {
            "name" : "b_uniform",
            "members" : [
                {
                    "name" : "model_matrix",
                    "type" : "mat4",
                    "offset" : 0,
                    "matrix_stride" : 16
                },
                {
                    "name" : "camera_matrix",
                    "type" : "mat4",
                    "offset" : 64,
                    "matrix_stride" : 16
                },
                {
                    "name" : "alpha",
                    "type" : "float",
                    "offset" : 128
                }
            ]
        }
    },
    "inputs" : [
        {
            "type" : "vec3",
            "name" : "value_in",
            "location" : 0
        }
    ],
    "outputs" : [
        {
            "type" : "vec4",
            "name" : "value_out",
            "location" : 0
        }
    ],
    "ubos" : [
        {
            "type" : "_15",
            "name" : "b_uniform",
            "block_size" : 132,
            "set" : 0,
            "binding" : 0
        }
    ]
}