{
    "entryPoints" : [
        {
            "name" : "main",
            "mode" : "comp",
            "workgroup_size" : [
                256,
                1,
                1
            ],
            "workgroup_size_is_spec_constant_id" : [
                false,
                false,
                false
            ]
        }
    ],
    "types" : {
        "_37" : {
            "name" : "b_unif",
            "members" : [
                {
                    "name" : "n",
                    "type" : "uint",
                    "offset" : 0
                }
            ]
        },
        "_53" : {
            "name" : "b_in_a",
            "members" : [
                {
                    "name" : "data",
                    "type" : "vec3",
                    "array" : [
                        0
                    ],
                    "array_size_is_literal" : [
                        true
                    ],
                    "offset" : 0,
                    "array_stride" : 16
                }
            ]
        },
        "_61" : {
            "name" : "b_in_b",
            "members" : [
                {
                    "name" : "data",
                    "type" : "vec3",
                    "array" : [
                        0
                    ],
                    "array_size_is_literal" : [
                        true
                    ],
                    "offset" : 0,
                    "array_stride" : 16
                }
            ]
        },
        "_71" : {
            "name" : "b_err",
            "members" : [
                {
                    "name" : "data",
                    "type" : "vec4",
                    "array" : [
                        0
                    ],
                    "array_size_is_literal" : [
                        true
                    ],
                    "offset" : 0,
                    "array_stride" : 16
                }
            ]
        }
    },
    "ssbos" : [
        {
            "type" : "_53",
            "name" : "b_in_a",
            "readonly" : true,
            "restrict" : true,
            "block_size" : 0,
            "set" : 0,
            "binding" : 0
        },
        {
            "type" : "_61",
            "name" : "b_in_b",
            "readonly" : true,
            "restrict" : true,
            "block_size" : 0,
            "set" : 0,
            "binding" : 1
        },
        {
            "type" : "_71",
            "name" : "b_err",
            "writeonly" : true,
            "restrict" : true,
            "block_size" : 0,
            "set" : 0,
            "binding" : 2
        }
    ],
    "ubos" : [
        {
            "type" : "_37",
            "name" : "b_unif",
            "block_size" : 4,
            "set" : 0,
            "binding" : 0
        }
    ]
}