{
    "entryPoints" : [
        {
            "name" : "main",
            "mode" : "vert"
        }
    ],
    "types" : {
        "_17" : {
            "name" : "gl_PerVertex",
            "members" : [
                {
                    "name" : "gl_Position",
                    "type" : "vec4"
                },
                {
                    "name" : "gl_PointSize",
                    "type" : "float"
                },
                {
                    "name" : "gl_ClipDistance",
                    "type" : "float",
                    "array" : [
                        1
                    ],
                    "array_size_is_literal" : [
                        true
                    ]
                },
                {
                    "name" : "gl_CullDistance",
                    "type" : "float",
                    "array" : [
                        1
                    ],
                    "array_size_is_literal" : [
                        true
                    ]
                }
            ]
        },
        "_24" : {
            "name" : "b_camera",
            "members" : [
                {
                    "name" : "matrix",
                    "type" : "mat4",
                    "offset" : 0,
                    "matrix_stride" : 16
                },
                {
                    "name" : "aspect",
                    "type" : "vec2",
                    "offset" : 64
                }
            ]
        }
    },
    "inputs" : [
        {
            "type" : "vec3",
            "name" : "value_in",
            "location" : 0
        }
    ],
    "outputs" : [
        {
            "type" : "vec3",
            "name" : "value_out",
            "location" : 0
        }
    ],
    "ubos" : [
        {
            "type" : "_24",
            "name" : "b_camera",
            "block_size" : 72,
            "set" : 0,
            "binding" : 0
        }
    ]
}