{
    "entryPoints" : [
        {
            "name" : "main",
            "mode" : "frag"
        }
    ],
    "types" : {
        "_34" : {
            "name" : "b_uniform",
            "members" : [
                {
                    "name" : "model_matrix",
                    "type" : "mat4",
                    "offset" : 0,
                    "matrix_stride" : 16
                },
                {
                    "name" : "camera_matrix",
                    "type" : "mat4",
                    "offset" : 64,
                    "matrix_stride" : 16
                },
                {
                    "name" : "point_color",
                    "type" : "vec4",
                    "offset" : 128
                },
                {
                    "name" : "point_position",
                    "type" : "vec3",
                    "offset" : 144
                },
                {
                    "name" : "point_aspect",
                    "type" : "vec2",
                    "offset" : 160
                },
                {
                    "name" : "point_size",
                    "type" : "float",
                    "offset" : 168
                }
            ]
        }
    },
    "inputs" : [
        {
            "type" : "vec2",
            "name" : "in_value_vert",
            "location" : 0
        }
    ],
    "outputs" : [
        {
            "type" : "vec4",
            "name" : "out_value_colr",
            "location" : 0
        }
    ],
    "ubos" : [
        {
            "type" : "_34",
            "name" : "b_uniform",
            "block_size" : 172,
            "set" : 0,
            "binding" : 0
        }
    ]
}