{
    "entryPoints" : [
        {
            "name" : "main",
            "mode" : "vert"
        }
    ],
    "types" : {
        "_25" : {
            "name" : "b_data_buffer",
            "members" : [
                {
                    "name" : "data",
                    "type" : "uint",
                    "array" : [
                        0
                    ],
                    "array_size_is_literal" : [
                        true
                    ],
                    "offset" : 0,
                    "array_stride" : 4
                }
            ]
        },
        "_61" : {
            "name" : "gl_PerVertex",
            "members" : [
                {
                    "name" : "gl_Position",
                    "type" : "vec4"
                },
                {
                    "name" : "gl_PointSize",
                    "type" : "float"
                },
                {
                    "name" : "gl_ClipDistance",
                    "type" : "float",
                    "array" : [
                        1
                    ],
                    "array_size_is_literal" : [
                        true
                    ]
                },
                {
                    "name" : "gl_CullDistance",
                    "type" : "float",
                    "array" : [
                        1
                    ],
                    "array_size_is_literal" : [
                        true
                    ]
                }
            ]
        },
        "_65" : {
            "name" : "b_unif_buffer",
            "members" : [
                {
                    "name" : "camera_matrix",
                    "type" : "mat4",
                    "offset" : 0,
                    "matrix_stride" : 16
                },
                {
                    "name" : "camera_aspect",
                    "type" : "vec2",
                    "offset" : 64
                }
            ]
        }
    },
    "outputs" : [
        {
            "type" : "vec2",
            "name" : "out_value_vert",
            "location" : 0
        },
        {
            "type" : "vec3",
            "name" : "out_value_colr",
            "location" : 1
        }
    ],
    "ssbos" : [
        {
            "type" : "_25",
            "name" : "b_data_buffer",
            "readonly" : true,
            "restrict" : true,
            "block_size" : 0,
            "set" : 0,
            "binding" : 0
        }
    ],
    "ubos" : [
        {
            "type" : "_65",
            "name" : "b_unif_buffer",
            "block_size" : 72,
            "set" : 0,
            "binding" : 0
        }
    ]
}