{
    "entryPoints" : [
        {
            "name" : "main",
            "mode" : "vert"
        }
    ],
    "types" : {
        "_41" : {
            "name" : "gl_PerVertex",
            "members" : [
                {
                    "name" : "gl_Position",
                    "type" : "vec4"
                },
                {
                    "name" : "gl_PointSize",
                    "type" : "float"
                },
                {
                    "name" : "gl_ClipDistance",
                    "type" : "float",
                    "array" : [
                        1
                    ],
                    "array_size_is_literal" : [
                        true
                    ]
                },
                {
                    "name" : "gl_CullDistance",
                    "type" : "float",
                    "array" : [
                        1
                    ],
                    "array_size_is_literal" : [
                        true
                    ]
                }
            ]
        },
        "_47" : {
            "name" : "b_unif",
            "members" : [
                {
                    "name" : "camera_matrix",
                    "type" : "mat4",
                    "offset" : 0,
                    "matrix_stride" : 16
                },
                {
                    "name" : "size_in",
                    "type" : "uvec2",
                    "offset" : 64
                },
                {
                    "name" : "n_verts",
                    "type" : "uint",
                    "offset" : 72
                },
                {
                    "name" : "n_quads",
                    "type" : "uint",
                    "offset" : 76
                }
            ]
        },
        "_54" : {
            "name" : "b_data",
            "members" : [
                {
                    "name" : "data",
                    "type" : "vec2",
                    "array" : [
                        0
                    ],
                    "array_size_is_literal" : [
                        true
                    ],
                    "offset" : 0,
                    "array_stride" : 8
                }
            ]
        },
        "_78" : {
            "name" : "b_bary",
            "members" : [
                {
                    "name" : "data",
                    "type" : "vec4",
                    "array" : [
                        0
                    ],
                    "array_size_is_literal" : [
                        true
                    ],
                    "offset" : 0,
                    "array_stride" : 16
                }
            ]
        },
        "_83" : {
            "name" : "b_vert",
            "members" : [
                {
                    "name" : "data",
                    "type" : "vec3",
                    "array" : [
                        0
                    ],
                    "array_size_is_literal" : [
                        true
                    ],
                    "offset" : 0,
                    "array_stride" : 16
                }
            ]
        },
        "_88" : {
            "name" : "b_elem",
            "members" : [
                {
                    "name" : "data",
                    "type" : "uvec4",
                    "array" : [
                        0
                    ],
                    "array_size_is_literal" : [
                        true
                    ],
                    "offset" : 0,
                    "array_stride" : 16
                }
            ]
        }
    },
    "outputs" : [
        {
            "type" : "vec2",
            "name" : "out_value_vert",
            "location" : 0
        }
    ],
    "ssbos" : [
        {
            "type" : "_54",
            "name" : "b_data",
            "readonly" : true,
            "restrict" : true,
            "block_size" : 0,
            "set" : 0,
            "binding" : 0
        },
        {
            "type" : "_78",
            "name" : "b_bary",
            "readonly" : true,
            "restrict" : true,
            "block_size" : 0,
            "set" : 0,
            "binding" : 1
        },
        {
            "type" : "_83",
            "name" : "b_vert",
            "readonly" : true,
            "restrict" : true,
            "block_size" : 0,
            "set" : 0,
            "binding" : 2
        },
        {
            "type" : "_88",
            "name" : "b_elem",
            "readonly" : true,
            "restrict" : true,
            "block_size" : 0,
            "set" : 0,
            "binding" : 3
        }
    ],
    "ubos" : [
        {
            "type" : "_47",
            "name" : "b_unif",
            "block_size" : 80,
            "set" : 0,
            "binding" : 0
        }
    ]
}