{
    "entryPoints" : [
        {
            "name" : "main",
            "mode" : "vert"
        }
    ],
    "types" : {
        "_44" : {
            "name" : "b_posi",
            "members" : [
                {
                    "name" : "data",
                    "type" : "vec3",
                    "array" : [
                        0
                    ],
                    "array_size_is_literal" : [
                        true
                    ],
                    "offset" : 0,
                    "array_stride" : 16
                }
            ]
        },
        "_55" : {
            "name" : "b_size",
            "members" : [
                {
                    "name" : "data",
                    "type" : "float",
                    "array" : [
                        0
                    ],
                    "array_size_is_literal" : [
                        true
                    ],
                    "offset" : 0,
                    "array_stride" : 4
                }
            ]
        },
        "_68" : {
            "name" : "gl_PerVertex",
            "members" : [
                {
                    "name" : "gl_Position",
                    "type" : "vec4"
                },
                {
                    "name" : "gl_PointSize",
                    "type" : "float"
                },
                {
                    "name" : "gl_ClipDistance",
                    "type" : "float",
                    "array" : [
                        1
                    ],
                    "array_size_is_literal" : [
                        true
                    ]
                },
                {
                    "name" : "gl_CullDistance",
                    "type" : "float",
                    "array" : [
                        1
                    ],
                    "array_size_is_literal" : [
                        true
                    ]
                }
            ]
        },
        "_72" : {
            "name" : "b_camera",
            "members" : [
                {
                    "name" : "matrix",
                    "type" : "mat4",
                    "offset" : 0,
                    "matrix_stride" : 16
                },
                {
                    "name" : "aspect",
                    "type" : "vec2",
                    "offset" : 64
                }
            ]
        },
        "_99" : {
            "name" : "b_value",
            "members" : [
                {
                    "name" : "value",
                    "type" : "vec4",
                    "offset" : 0
                }
            ]
        }
    },
    "outputs" : [
        {
            "type" : "vec2",
            "name" : "out_value_vert",
            "location" : 0
        }
    ],
    "ssbos" : [
        {
            "type" : "_44",
            "name" : "b_posi",
            "readonly" : true,
            "restrict" : true,
            "block_size" : 0,
            "set" : 0,
            "binding" : 0
        },
        {
            "type" : "_55",
            "name" : "b_size",
            "readonly" : true,
            "restrict" : true,
            "block_size" : 0,
            "set" : 0,
            "binding" : 1
        }
    ],
    "ubos" : [
        {
            "type" : "_72",
            "name" : "b_camera",
            "block_size" : 72,
            "set" : 0,
            "binding" : 0
        },
        {
            "type" : "_99",
            "name" : "b_value",
            "block_size" : 16,
            "set" : 0,
            "binding" : 1
        }
    ]
}