{
    "entryPoints" : [
        {
            "name" : "main",
            "mode" : "frag"
        }
    ],
    "types" : {
        "_32" : {
            "name" : "b_value",
            "members" : [
                {
                    "name" : "value",
                    "type" : "vec4",
                    "offset" : 0
                }
            ]
        },
        "_43" : {
            "name" : "b_camera",
            "members" : [
                {
                    "name" : "matrix",
                    "type" : "mat4",
                    "offset" : 0,
                    "matrix_stride" : 16
                },
                {
                    "name" : "aspect",
                    "type" : "vec2",
                    "offset" : 64
                }
            ]
        }
    },
    "inputs" : [
        {
            "type" : "vec2",
            "name" : "value_in",
            "location" : 0
        }
    ],
    "outputs" : [
        {
            "type" : "vec4",
            "name" : "value_out",
            "location" : 0
        }
    ],
    "ubos" : [
        {
            "type" : "_32",
            "name" : "b_value",
            "block_size" : 16,
            "set" : 0,
            "binding" : 1
        },
        {
            "type" : "_43",
            "name" : "b_camera",
            "block_size" : 72,
            "set" : 0,
            "binding" : 0
        }
    ]
}