{
    "entryPoints" : [
        {
            "name" : "main",
            "mode" : "frag"
        }
    ],
    "inputs" : [
        {
            "type" : "vec2",
            "name" : "in_value_vert",
            "location" : 0
        },
        {
            "type" : "vec3",
            "name" : "in_value_colr",
            "location" : 1
        }
    ],
    "outputs" : [
        {
            "type" : "vec4",
            "name" : "out_value_colr",
            "location" : 0
        }
    ]
}