{
    "entryPoints" : [
        {
            "name" : "main",
            "mode" : "frag"
        }
    ],
    "types" : {
        "_52" : {
            "name" : "b_unif",
            "members" : [
                {
                    "name" : "camera_matrix",
                    "type" : "mat4",
                    "offset" : 0,
                    "matrix_stride" : 16
                },
                {
                    "name" : "size_in",
                    "type" : "uvec2",
                    "offset" : 64
                },
                {
                    "name" : "n_verts",
                    "type" : "uint",
                    "offset" : 72
                },
                {
                    "name" : "n_quads",
                    "type" : "uint",
                    "offset" : 76
                }
            ]
        },
        "_87" : {
            "name" : "b_elem",
            "members" : [
                {
                    "name" : "data",
                    "type" : "uvec4",
                    "array" : [
                        0
                    ],
                    "array_size_is_literal" : [
                        true
                    ],
                    "offset" : 0,
                    "array_stride" : 16
                }
            ]
        },
        "_92" : {
            "name" : "b_bary",
            "members" : [
                {
                    "name" : "data",
                    "type" : "vec4",
                    "array" : [
                        0
                    ],
                    "array_size_is_literal" : [
                        true
                    ],
                    "offset" : 0,
                    "array_stride" : 16
                }
            ]
        },
        "_136" : {
            "name" : "b_vert",
            "members" : [
                {
                    "name" : "data",
                    "type" : "vec3",
                    "array" : [
                        0
                    ],
                    "array_size_is_literal" : [
                        true
                    ],
                    "offset" : 0,
                    "array_stride" : 16
                }
            ]
        },
        "_160" : {
            "name" : "b_data",
            "members" : [
                {
                    "name" : "data",
                    "type" : "vec2",
                    "array" : [
                        0
                    ],
                    "array_size_is_literal" : [
                        true
                    ],
                    "offset" : 0,
                    "array_stride" : 8
                }
            ]
        }
    },
    "inputs" : [
        {
            "type" : "vec2",
            "name" : "in_value_vert",
            "location" : 0
        }
    ],
    "outputs" : [
        {
            "type" : "vec4",
            "name" : "out_value_colr",
            "location" : 0
        }
    ],
    "ssbos" : [
        {
            "type" : "_87",
            "name" : "b_elem",
            "readonly" : true,
            "restrict" : true,
            "block_size" : 0,
            "set" : 0,
            "binding" : 3
        },
        {
            "type" : "_92",
            "name" : "b_bary",
            "readonly" : true,
            "restrict" : true,
            "block_size" : 0,
            "set" : 0,
            "binding" : 1
        },
        {
            "type" : "_136",
            "name" : "b_vert",
            "readonly" : true,
            "restrict" : true,
            "block_size" : 0,
            "set" : 0,
            "binding" : 2
        },
        {
            "type" : "_160",
            "name" : "b_data",
            "readonly" : true,
            "restrict" : true,
            "block_size" : 0,
            "set" : 0,
            "binding" : 0
        }
    ],
    "ubos" : [
        {
            "type" : "_52",
            "name" : "b_unif",
            "block_size" : 80,
            "set" : 0,
            "binding" : 0
        }
    ]
}